[{"id":"user-image-photo-1611694449252-02453c27856a.jpeg","publicUrl":"np://user.desktop.nicepage.com/Site_70308991/images/photo-1611694449252-02453c27856a.jpeg","size":56504,"hash":"ltjbG1b5InARwXfnUlTp4w63RIc=","fileName":"photo-1611694449252-02453c27856a.jpeg","name":"photo-1611694449252-02453c27856a","width":1080,"height":720,"thumbnail":{"url":"np://user.desktop.nicepage.com/Site_70308991/images/thumbnails/photo-1611694449252-02453c27856a.jpeg","width":250,"height":167},"folderId":null,"originalUrl":"https://images.unsplash.com/photo-1611694449252-02453c27856a?crop=entropy&cs=tinysrgb&fit=max&fm=jpg&ixid=M3w1NzgzNjl8MHwxfHNlYXJjaHw2fHx2YWNjaW5lfGVufDB8fHx8MTc0Mjg0MTAxMXww&ixlib=rb-4.0.3&q=80&w=1080","usages":["91248737"]},{"id":"user-image-photo-1626351545208-28c9080106ba.jpeg","publicUrl":"np://user.desktop.nicepage.com/Site_70308991/images/photo-1626351545208-28c9080106ba.jpeg","size":71187,"hash":"W5zAzKyW1G+fNK7RMfSJU4MNRLc=","fileName":"photo-1626351545208-28c9080106ba.jpeg","name":"photo-1626351545208-28c9080106ba","width":1080,"height":720,"thumbnail":{"url":"np://user.desktop.nicepage.com/Site_70308991/images/thumbnails/photo-1626351545208-28c9080106ba.jpeg","width":250,"height":167},"folderId":null,"originalUrl":"https://images.unsplash.com/photo-1626351545208-28c9080106ba?crop=entropy&cs=tinysrgb&fit=max&fm=jpg&ixid=M3w1NzgzNjl8MHwxfHNlYXJjaHw1fHx2YWNjaW5lfGVufDB8fHx8MTc0Mjg0MTAxMXww&ixlib=rb-4.0.3&q=80&w=1080","usages":["91248737"]},{"id":"user-image-photo-1612277795421-9bc7706a4a34.jpeg","publicUrl":"np://user.desktop.nicepage.com/Site_70308991/images/photo-1612277795421-9bc7706a4a34.jpeg","size":81068,"hash":"KN5BcUcinCSe/lfJp+uO8e2jf/s=","fileName":"photo-1612277795421-9bc7706a4a34.jpeg","name":"photo-1612277795421-9bc7706a4a34","width":1080,"height":721,"thumbnail":{"url":"np://user.desktop.nicepage.com/Site_70308991/images/thumbnails/photo-1612277795421-9bc7706a4a34.jpeg","width":250,"height":167},"folderId":null,"originalUrl":"https://images.unsplash.com/photo-1612277795421-9bc7706a4a34?crop=entropy&cs=tinysrgb&fit=max&fm=jpg&ixid=M3w1NzgzNjl8MHwxfHNlYXJjaHw0fHx2YWNjaW5lfGVufDB8fHx8MTc0Mjg0MTAxMXww&ixlib=rb-4.0.3&q=80&w=1080","usages":["91248737"]}]