[{"id":145608240,"title":"Blog Template","order":1,"templateKey":"blog","customTemplate":false,"customTemplateFilename":null,"pageLinks":[],"dateCreated":"2025-03-24T18:20:34.594Z","dateUpdated":"2025-03-24T18:20:38.003Z","folderId":null,"pageName":"Blog Template","serverPageId":null,"sectionCount":1,"status":2,"backwardUrl":null},{"id":831020635,"title":"Post Template","order":2,"templateKey":"post","customTemplate":false,"customTemplateFilename":null,"pageLinks":[],"dateCreated":"2025-03-24T18:20:34.930Z","dateUpdated":"2025-03-24T18:20:38.004Z","folderId":null,"pageName":"Post Template","serverPageId":null,"sectionCount":1,"status":2,"backwardUrl":null},{"id":91811482,"title":"Product List Template","order":3,"templateKey":"products","customTemplate":false,"customTemplateFilename":null,"pageLinks":[],"dateCreated":"2025-03-24T18:20:35.215Z","dateUpdated":"2025-03-24T18:20:38.005Z","folderId":null,"pageName":"Product List Template","serverPageId":null,"sectionCount":1,"status":2,"backwardUrl":null},{"id":2263217442,"title":"Product Details Template","order":4,"templateKey":"product","customTemplate":false,"customTemplateFilename":null,"pageLinks":[],"dateCreated":"2025-03-24T18:20:35.507Z","dateUpdated":"2025-03-24T18:20:38.006Z","folderId":null,"pageName":"Product Details Template","serverPageId":null,"sectionCount":1,"status":2,"backwardUrl":null},{"id":765021511,"title":"Shopping Cart Template","order":5,"templateKey":"cart","customTemplate":false,"customTemplateFilename":null,"pageLinks":[],"dateCreated":"2025-03-24T18:20:35.744Z","dateUpdated":"2025-03-24T18:20:38.007Z","folderId":null,"pageName":"Shopping Cart Template","serverPageId":null,"sectionCount":1,"status":2,"backwardUrl":null},{"id":31486579,"title":"Checkout Template","order":6,"templateKey":"checkout","customTemplate":false,"customTemplateFilename":null,"pageLinks":[],"dateCreated":"2025-03-24T18:20:36.043Z","dateUpdated":"2025-03-24T18:20:38.007Z","folderId":null,"pageName":"Checkout Template","serverPageId":null,"sectionCount":1,"status":2,"backwardUrl":null},{"id":57520252,"title":"Login Template","order":7,"templateKey":"login","customTemplate":false,"customTemplateFilename":null,"pageLinks":[],"dateCreated":"2025-03-24T18:20:36.226Z","dateUpdated":"2025-03-24T18:20:38.008Z","folderId":null,"pageName":"Login Template","serverPageId":null,"sectionCount":1,"status":2,"backwardUrl":null},{"id":703524093,"title":"Search Page Template","order":8,"templateKey":"Search","customTemplate":false,"customTemplateFilename":null,"pageLinks":[],"dateCreated":"2025-03-24T18:20:36.372Z","dateUpdated":"2025-03-24T18:20:38.008Z","folderId":null,"pageName":"Search Page Template","serverPageId":null,"sectionCount":1,"status":2,"backwardUrl":null},{"id":47755884,"title":"Page Password Template","order":9,"templateKey":"password","customTemplate":false,"customTemplateFilename":null,"pageLinks":[],"dateCreated":"2025-03-24T18:20:36.575Z","dateUpdated":"2025-03-24T18:20:38.009Z","folderId":null,"pageName":"Page Password Template","serverPageId":null,"sectionCount":1,"status":2,"backwardUrl":null},{"id":836930415,"title":"404 Not Found Template","order":10,"templateKey":"404","customTemplate":false,"customTemplateFilename":null,"pageLinks":[],"dateCreated":"2025-03-24T18:20:36.706Z","dateUpdated":"2025-03-24T18:20:38.010Z","folderId":null,"pageName":"404 Not Found Template","serverPageId":null,"sectionCount":1,"status":2,"backwardUrl":null},{"id":50166927,"title":"Thank You Page Template","order":11,"templateKey":"ThankYou","customTemplate":false,"customTemplateFilename":null,"pageLinks":[],"dateCreated":"2025-03-24T18:20:36.831Z","dateUpdated":"2025-03-24T18:20:38.011Z","folderId":null,"pageName":"Thank You Page Template","serverPageId":null,"sectionCount":1,"status":2,"backwardUrl":null},{"id":91248737,"title":"Home","order":50,"templateKey":null,"customTemplate":false,"customTemplateFilename":null,"pageLinks":[],"dateCreated":"2025-03-24T18:20:39.231Z","dateUpdated":"2025-03-24T19:04:38.615Z","folderId":null,"pageName":"Home_91248737","serverPageId":null,"sectionCount":4,"status":2,"backwardUrl":null},{"id":36565199,"title":"About","order":100,"templateKey":null,"customTemplate":false,"customTemplateFilename":null,"pageLinks":[],"dateCreated":"2025-03-24T18:20:36.914Z","dateUpdated":"2025-03-24T18:20:38.011Z","folderId":null,"pageName":"About_36565199","serverPageId":null,"sectionCount":1,"status":2,"backwardUrl":null},{"id":97045374,"title":"Contact","order":101,"templateKey":null,"customTemplate":false,"customTemplateFilename":null,"pageLinks":[],"dateCreated":"2025-03-24T18:20:36.986Z","dateUpdated":"2025-03-24T18:20:38.011Z","folderId":null,"pageName":"Contact_97045374","serverPageId":null,"sectionCount":1,"status":2,"backwardUrl":null}]